<?xml version="1.0" encoding="UTF-8" ?>
<!-- This is a WordPress eXtended RSS file generated by WordPress as an export of your site. -->
<!-- It contains information about your site's posts, pages, comments, categories, and other content. -->
<!-- You may use this file to transfer that content from one site to another. -->
<!-- This file is not intended to serve as a complete backup of your site. -->

<!-- To import this information into a WordPress site follow these steps: -->
<!-- 1. Log in to that site as an administrator. -->
<!-- 2. Go to Tools: Import in the WordPress admin panel. -->
<!-- 3. Install the "WordPress" importer from the list. -->
<!-- 4. Activate & Run Importer. -->
<!-- 5. Upload this file using the form provided on that page. -->
<!-- 6. You will first be asked to map the authors in this export file to users -->
<!--    on the site. For each author, you may choose to map to an -->
<!--    existing user on the site or to create a new user. -->
<!-- 7. WordPress will then import each of the posts, pages, comments, categories, etc. -->
<!--    contained in this file into your site. -->

<!-- generator="WordPress/4.9.6" created="2018-06-23 04:05" -->
<rss version="2.0"
	xmlns:excerpt="http://wordpress.org/export/1.2/excerpt/"
	xmlns:content="http://purl.org/rss/1.0/modules/content/"
	xmlns:wfw="http://wellformedweb.org/CommentAPI/"
	xmlns:dc="http://purl.org/dc/elements/1.1/"
	xmlns:wp="http://wordpress.org/export/1.2/"
>

<channel>
	<title>Devita Fashion</title>
	<link>http://127.0.0.1/wp/devita-demo</link>
	<description>Just another WordPress site</description>
	<pubDate>Sat, 23 Jun 2018 04:05:40 +0000</pubDate>
	<language>en-US</language>
	<wp:wxr_version>1.2</wp:wxr_version>
	<wp:base_site_url>http://127.0.0.1/wp/devita-demo</wp:base_site_url>
	<wp:base_blog_url>http://127.0.0.1/wp/devita-demo</wp:base_blog_url>

	<wp:author><wp:author_id>1</wp:author_id><wp:author_login><![CDATA[admin]]></wp:author_login><wp:author_email><![CDATA[demo@roadthemes.com]]></wp:author_email><wp:author_display_name><![CDATA[admin]]></wp:author_display_name><wp:author_first_name><![CDATA[]]></wp:author_first_name><wp:author_last_name><![CDATA[]]></wp:author_last_name></wp:author>


	<generator>https://wordpress.org/?v=4.9.6</generator>

	<item>
		<title>Sport Home 1</title>
		<link>http://127.0.0.1/wp/devita-demo/</link>
		<pubDate>Fri, 08 Jun 2018 02:57:47 +0000</pubDate>
		<dc:creator><![CDATA[admin]]></dc:creator>
		<guid isPermaLink="false">http://demo.roadthemes.com/devita/sport/?page_id=9518</guid>
		<description></description>
		<content:encoded><![CDATA[[vc_row el_class="home-static-1"][vc_column width="1/3" el_class="box box1"][vc_single_image image="9753" img_size="full" el_class="box-inner" css=".vc_custom_1529725737498{margin-top: 30px !important;margin-bottom: 0px !important;}"][/vc_column][vc_column width="1/3" el_class="box box2" css=".vc_custom_1528430850299{margin-top: 30px !important;}"][vc_single_image image="9753" img_size="full" el_class="box-inner" css=".vc_custom_1529725751962{margin-bottom: 0px !important;}"][/vc_column][vc_column width="1/3" css=".vc_custom_1528432157627{margin-top: 30px !important;}" el_class="box box3"][vc_single_image image="9753" img_size="full" el_class="box-inner" css=".vc_custom_1529725765355{margin-bottom: 0px !important;}"][/vc_column][/vc_row][vc_row el_class="home-tabs-container" css=".vc_custom_1528511961764{background-color: #ffffff !important;}"][vc_column][vc_tta_tabs color="white" spacing="" alignment="center" active_section="1" no_fill_content_area="true" el_class="home-tabs"][vc_tta_section title="NEW ARRIVALS" tab_id="1527753802586-993922ec-3e9d" el_class="title-tab"][recent_products_r per_page="6" columns="1" orderby="" order="" enable_slider="true" items="5" item_desktop="4" item_small="3" item_tablet="2" item_mobile="1" navigation="1" pagination="" speed="500" loop="true" effect="fade"][/vc_tta_section][vc_tta_section title="FEATURED" tab_id="1527753802617-e75f0095-d755" el_class="title-tab"][featured_products_r per_page="6" columns="1" orderby="" order="" enable_slider="true" items="5" item_desktop="4" item_small="3" item_tablet="2" item_mobile="1" navigation="1" pagination="" speed="500" loop="true" effect="slide"][/vc_tta_section][vc_tta_section title="TOP RATE" tab_id="1527754102249-c053e886-4e43" el_class="title-tab"][sale_products_r per_page="6" columns="1" orderby="" order="" enable_slider="true" items="5" item_desktop="4" item_small="3" item_tablet="2" item_mobile="1" navigation="" pagination="" speed="500" loop="true" effect="fade"][/vc_tta_section][/vc_tta_tabs][/vc_column][/vc_row][vc_row el_class="home-static-3" css=".vc_custom_1528512806840{background-color: #ffffff !important;background-position: center !important;background-repeat: no-repeat !important;background-size: cover !important;}"][vc_column][vc_row_inner css=".vc_custom_1528508502489{margin-bottom: 0px !important;}" el_class="box"][vc_column_inner el_class="col" width="1/2"][vc_column_text el_class="box-text" css=".vc_custom_1529726074003{margin-bottom: 0px !important;}"]
<div class="text-inner">
<h5>Collection Sneaker 2018</h5>
<img class="alignnone size-full wp-image-9758" src="http://roadthemes.com/api/devita/uploads/2018/06/icon_static.png" alt="" width="50" height="7" />
<h3>Nike Free RN 2018 Men's
Running Shoe</h3>
Discount 10% for all customers booked before <strong>12/14/2018</strong>
<a class="button discover" href="http://demo.roadthemes.com/devita/sport/shop/">View detail</a>

</div>
[/vc_column_text][/vc_column_inner][vc_column_inner el_class="col" width="1/2"][vc_single_image image="9757" img_size="full" onclick="custom_link" link="http://demo.roadthemes.com/devita/sport/shop/" el_class="box-image" css=".vc_custom_1529726018817{margin-bottom: 0px !important;}"][/vc_column_inner][/vc_row_inner][/vc_column][vc_column][vc_row_inner css=".vc_custom_1528508511704{margin-bottom: 0px !important;}" el_class="box"][vc_column_inner el_class="col col-md-pull-6" width="1/2"][vc_single_image image="9757" img_size="full" onclick="custom_link" link="http://demo.roadthemes.com/devita/sport/shop/" el_class="box-image" css=".vc_custom_1529726035646{margin-bottom: 0px !important;}"][/vc_column_inner][vc_column_inner el_class="col col-md-push-6" width="1/2"][vc_column_text el_class="box-text" css=".vc_custom_1529726087771{margin-bottom: 0px !important;}"]
<div class="text-inner">
<h5>Collection Sneaker 2018</h5>
<img class="alignnone size-full wp-image-9758" src="http://roadthemes.com/api/devita/uploads/2018/06/icon_static.png" alt="" width="50" height="7" />
<h3>Nike Free RN 2018 Men's
Running Shoe</h3>
Discount 10% for all customers booked before <strong>12/14/2018</strong>
<a class="button discover" href="http://demo.roadthemes.com/devita/sport/shop/">View detail</a>

</div>
[/vc_column_text][/vc_column_inner][/vc_row_inner][/vc_column][/vc_row][vc_row css=".vc_custom_1528511995802{background-color: #ffffff !important;}"][vc_column][vc_column_text el_class="title1 layout4"]
<h3>BEST SELLING PRODUCTS</h3>
[/vc_column_text][vc_column_text el_class="category-links"]
<ul>
 	<li><a href="#">Smart Phones &amp; Tablets</a></li>
 	<li><a href="#">Laptops &amp; Computers</a></li>
 	<li><a href="#">Video Cameras</a></li>
</ul>
[/vc_column_text][bestselling_products_r per_page="6" columns="1" enable_slider="true" items="5" item_desktop="4" item_small="3" item_tablet="2" item_mobile="1" navigation="1" pagination="" speed="500" loop="true" effect="slide"][/vc_column][/vc_row][vc_row el_class="latest-posts style3" css=".vc_custom_1528512008958{background-color: #ffffff !important;}"][vc_column][vc_column_text el_class="title1 layout4"]
<h3>FROM OUR BLOG</h3>
[/vc_column_text][latestposts enable_slider="true" items="3" item_desktop="3" item_small="2" item_tablet="2" item_mobile="1" navigation="1" pagination="" speed="500" effect=""][/vc_column][/vc_row]]]></content:encoded>
		<excerpt:encoded><![CDATA[]]></excerpt:encoded>
		<wp:post_id>9692</wp:post_id>
		<wp:post_date><![CDATA[2018-06-08 02:57:47]]></wp:post_date>
		<wp:post_date_gmt><![CDATA[2018-06-08 02:57:47]]></wp:post_date_gmt>
		<wp:comment_status><![CDATA[closed]]></wp:comment_status>
		<wp:ping_status><![CDATA[closed]]></wp:ping_status>
		<wp:post_name><![CDATA[bike-home-1-2]]></wp:post_name>
		<wp:status><![CDATA[publish]]></wp:status>
		<wp:post_parent>0</wp:post_parent>
		<wp:menu_order>0</wp:menu_order>
		<wp:post_type><![CDATA[page]]></wp:post_type>
		<wp:post_password><![CDATA[]]></wp:post_password>
		<wp:is_sticky>0</wp:is_sticky>
		<wp:postmeta>
			<wp:meta_key><![CDATA[_vc_post_settings]]></wp:meta_key>
			<wp:meta_value><![CDATA[a:1:{s:10:"vc_grid_id";a:0:{}}]]></wp:meta_value>
		</wp:postmeta>
		<wp:postmeta>
			<wp:meta_key><![CDATA[_wpb_shortcodes_custom_css]]></wp:meta_key>
			<wp:meta_value><![CDATA[.vc_custom_1528511961764{background-color: #ffffff !important;}.vc_custom_1528512806840{background-color: #ffffff !important;background-position: center !important;background-repeat: no-repeat !important;background-size: cover !important;}.vc_custom_1528511995802{background-color: #ffffff !important;}.vc_custom_1528512008958{background-color: #ffffff !important;}.vc_custom_1528430850299{margin-top: 30px !important;}.vc_custom_1528432157627{margin-top: 30px !important;}.vc_custom_1529725737498{margin-top: 30px !important;margin-bottom: 0px !important;}.vc_custom_1529725751962{margin-bottom: 0px !important;}.vc_custom_1529725765355{margin-bottom: 0px !important;}.vc_custom_1528508502489{margin-bottom: 0px !important;}.vc_custom_1529726074003{margin-bottom: 0px !important;}.vc_custom_1529726018817{margin-bottom: 0px !important;}.vc_custom_1528508511704{margin-bottom: 0px !important;}.vc_custom_1529726035646{margin-bottom: 0px !important;}.vc_custom_1529726087771{margin-bottom: 0px !important;}]]></wp:meta_value>
		</wp:postmeta>
		<wp:postmeta>
			<wp:meta_key><![CDATA[_vc_post_settings]]></wp:meta_key>
			<wp:meta_value><![CDATA[a:1:{s:10:"vc_grid_id";a:0:{}}]]></wp:meta_value>
		</wp:postmeta>
		<wp:postmeta>
			<wp:meta_key><![CDATA[_edit_last]]></wp:meta_key>
			<wp:meta_value><![CDATA[1]]></wp:meta_value>
		</wp:postmeta>
		<wp:postmeta>
			<wp:meta_key><![CDATA[_wp_page_template]]></wp:meta_key>
			<wp:meta_value><![CDATA[page-templates/front-page.php]]></wp:meta_value>
		</wp:postmeta>
		<wp:postmeta>
			<wp:meta_key><![CDATA[slide_template]]></wp:meta_key>
			<wp:meta_value><![CDATA[default]]></wp:meta_value>
		</wp:postmeta>
		<wp:postmeta>
			<wp:meta_key><![CDATA[_devita_post_intro]]></wp:meta_key>
			<wp:meta_value><![CDATA[]]></wp:meta_value>
		</wp:postmeta>
		<wp:postmeta>
			<wp:meta_key><![CDATA[_devita_custom_sidebar]]></wp:meta_key>
			<wp:meta_value><![CDATA[]]></wp:meta_value>
		</wp:postmeta>
		<wp:postmeta>
			<wp:meta_key><![CDATA[_devita_custom_sidebar_pos]]></wp:meta_key>
			<wp:meta_value><![CDATA[left]]></wp:meta_value>
		</wp:postmeta>
		<wp:postmeta>
			<wp:meta_key><![CDATA[_wpb_vc_js_status]]></wp:meta_key>
			<wp:meta_value><![CDATA[true]]></wp:meta_value>
		</wp:postmeta>
		<wp:postmeta>
			<wp:meta_key><![CDATA[_wpb_shortcodes_custom_css]]></wp:meta_key>
			<wp:meta_value><![CDATA[.vc_custom_1528511961764{background-color: #ffffff !important;}.vc_custom_1528512806840{background-color: #ffffff !important;background-position: center !important;background-repeat: no-repeat !important;background-size: cover !important;}.vc_custom_1528511995802{background-color: #ffffff !important;}.vc_custom_1528512008958{background-color: #ffffff !important;}.vc_custom_1528430850299{margin-top: 30px !important;}.vc_custom_1528432157627{margin-top: 30px !important;}.vc_custom_1529725737498{margin-top: 30px !important;margin-bottom: 0px !important;}.vc_custom_1529725751962{margin-bottom: 0px !important;}.vc_custom_1529725765355{margin-bottom: 0px !important;}.vc_custom_1528508502489{margin-bottom: 0px !important;}.vc_custom_1529726074003{margin-bottom: 0px !important;}.vc_custom_1529726018817{margin-bottom: 0px !important;}.vc_custom_1528508511704{margin-bottom: 0px !important;}.vc_custom_1529726035646{margin-bottom: 0px !important;}.vc_custom_1529726087771{margin-bottom: 0px !important;}]]></wp:meta_value>
		</wp:postmeta>
	</item>
	<item>
		<title>Header Sport 1</title>
		<link>http://127.0.0.1/wp/devita-demo/templatera/header-sport-1/</link>
		<pubDate>Thu, 07 Jun 2018 09:36:38 +0000</pubDate>
		<dc:creator><![CDATA[admin]]></dc:creator>
		<guid isPermaLink="false">http://demo.roadthemes.com/devita/sport/?post_type=templatera&#038;p=9501</guid>
		<description></description>
		<content:encoded><![CDATA[[vc_row el_class="top-bar" css=".vc_custom_1528515100208{padding-right: 15px !important;padding-left: 15px !important;}"][vc_column width="1/2" el_class="language-area"][vc_wp_custommenu title="Language:" nav_menu="48" el_class="language switcher"][vc_wp_custommenu title="Currency:" nav_menu="47" el_class="currency switcher"][/vc_column][vc_column width="1/2"][vc_wp_custommenu nav_menu="46" el_class="top-menu"][/vc_column][/vc_row][vc_row el_class="header-middle" css=".vc_custom_1528515110091{padding-right: 15px !important;padding-left: 15px !important;background-color: #ffffff !important;}"][vc_column width="1/4"][vc_single_image image="9760" img_size="full" onclick="custom_link" el_class="logo" link="http://127.0.0.1/wp/devita/medical/"][/vc_column][vc_column width="3/4"][vc_row_inner el_class="header-inner-content" css=".vc_custom_1523073138462{margin-right: -15px !important;margin-left: -15px !important;}"][vc_column_inner width="5/12"][vc_column_text el_class="header-phone"]
<div class="image"><img class="alignnone size-full wp-image-9717" src="http://roadthemes.com/api/devita/uploads/2018/06/headphone_icon2.png" alt="" width="32" height="32" /></div>
<div class="text">

Call us

Free Support: (012) 800 456 789

</div>
[/vc_column_text][/vc_column_inner][vc_column_inner width="5/12"][roadproductssearch][/vc_column_inner][vc_column_inner width="1/6"][roadminicart][/vc_column_inner][/vc_row_inner][/vc_column][/vc_row][vc_row el_class="header-bottom" css=".vc_custom_1528515120759{padding-right: 15px !important;padding-left: 15px !important;background-color: #ffffff !important;}"][vc_column][roadmainmenu][/vc_column][/vc_row][vc_row el_class="home-slider full-width"][vc_column][rev_slider_vc alias="home_slider_1"][/vc_column][/vc_row]]]></content:encoded>
		<excerpt:encoded><![CDATA[]]></excerpt:encoded>
		<wp:post_id>9501</wp:post_id>
		<wp:post_date><![CDATA[2018-06-07 09:36:38]]></wp:post_date>
		<wp:post_date_gmt><![CDATA[2018-06-07 09:36:38]]></wp:post_date_gmt>
		<wp:comment_status><![CDATA[closed]]></wp:comment_status>
		<wp:ping_status><![CDATA[closed]]></wp:ping_status>
		<wp:post_name><![CDATA[header-sport-1]]></wp:post_name>
		<wp:status><![CDATA[publish]]></wp:status>
		<wp:post_parent>0</wp:post_parent>
		<wp:menu_order>0</wp:menu_order>
		<wp:post_type><![CDATA[templatera]]></wp:post_type>
		<wp:post_password><![CDATA[]]></wp:post_password>
		<wp:is_sticky>0</wp:is_sticky>
		<wp:postmeta>
			<wp:meta_key><![CDATA[_vc_post_settings]]></wp:meta_key>
			<wp:meta_value><![CDATA[a:1:{s:10:"vc_grid_id";a:0:{}}]]></wp:meta_value>
		</wp:postmeta>
		<wp:postmeta>
			<wp:meta_key><![CDATA[_wpb_shortcodes_custom_css]]></wp:meta_key>
			<wp:meta_value><![CDATA[.vc_custom_1528515100208{padding-right: 15px !important;padding-left: 15px !important;}.vc_custom_1528515110091{padding-right: 15px !important;padding-left: 15px !important;background-color: #ffffff !important;}.vc_custom_1528515120759{padding-right: 15px !important;padding-left: 15px !important;background-color: #ffffff !important;}.vc_custom_1523073138462{margin-right: -15px !important;margin-left: -15px !important;}]]></wp:meta_value>
		</wp:postmeta>
		<wp:postmeta>
			<wp:meta_key><![CDATA[_vc_post_settings]]></wp:meta_key>
			<wp:meta_value><![CDATA[a:1:{s:10:"vc_grid_id";a:0:{}}]]></wp:meta_value>
		</wp:postmeta>
		<wp:postmeta>
			<wp:meta_key><![CDATA[_edit_last]]></wp:meta_key>
			<wp:meta_value><![CDATA[1]]></wp:meta_value>
		</wp:postmeta>
		<wp:postmeta>
			<wp:meta_key><![CDATA[slide_template]]></wp:meta_key>
			<wp:meta_value><![CDATA[default]]></wp:meta_value>
		</wp:postmeta>
		<wp:postmeta>
			<wp:meta_key><![CDATA[_wpb_vc_js_status]]></wp:meta_key>
			<wp:meta_value><![CDATA[true]]></wp:meta_value>
		</wp:postmeta>
		<wp:postmeta>
			<wp:meta_key><![CDATA[_wpb_shortcodes_custom_css]]></wp:meta_key>
			<wp:meta_value><![CDATA[.vc_custom_1528515100208{padding-right: 15px !important;padding-left: 15px !important;}.vc_custom_1528515110091{padding-right: 15px !important;padding-left: 15px !important;background-color: #ffffff !important;}.vc_custom_1528515120759{padding-right: 15px !important;padding-left: 15px !important;background-color: #ffffff !important;}.vc_custom_1523073138462{margin-right: -15px !important;margin-left: -15px !important;}]]></wp:meta_value>
		</wp:postmeta>
		<wp:postmeta>
			<wp:meta_key><![CDATA[_wp_old_slug]]></wp:meta_key>
			<wp:meta_value><![CDATA[header-bike-1]]></wp:meta_value>
		</wp:postmeta>
	</item>
	<item>
		<title>Footer Sport 1</title>
		<link>http://127.0.0.1/wp/devita-demo/templatera/footer-sport-1/</link>
		<pubDate>Thu, 07 Jun 2018 09:37:54 +0000</pubDate>
		<dc:creator><![CDATA[admin]]></dc:creator>
		<guid isPermaLink="false">http://demo.roadthemes.com/devita/sport/?post_type=templatera&#038;p=9502</guid>
		<description></description>
		<content:encoded><![CDATA[[vc_row el_class="our-service" css=".vc_custom_1528515643826{margin-right: 0px !important;margin-bottom: 0px !important;margin-left: 0px !important;border-bottom-width: 1px !important;padding-top: 25px !important;padding-right: 15px !important;padding-bottom: 25px !important;padding-left: 15px !important;background-color: #282829 !important;border-bottom-color: #323232 !important;border-bottom-style: solid !important;}"][vc_column][vc_row_inner el_class="our-service-inner" css=".vc_custom_1528425092514{border-top-width: 0px !important;border-right-width: 0px !important;border-bottom-width: 0px !important;border-left-width: 0px !important;background-color: #282829 !important;}"][vc_column_inner el_class="box box1" width="1/3" css=".vc_custom_1528425208607{padding-top: 0px !important;}"][vc_column_text el_class="box-inner"]
<h4>Free Shipping</h4>
Free shipping on all order[/vc_column_text][/vc_column_inner][vc_column_inner el_class="box box2" width="1/3" css=".vc_custom_1528425216065{padding-top: 0px !important;}"][vc_column_text el_class="box-inner"]
<h4>Money Return</h4>
30 days for free return[/vc_column_text][/vc_column_inner][vc_column_inner el_class="box box3" width="1/3" css=".vc_custom_1528425222368{padding-top: 0px !important;}"][vc_column_text el_class="box-inner"]
<h4>Online Support</h4>
Support 24 hours a day[/vc_column_text][/vc_column_inner][/vc_row_inner][/vc_column][/vc_row][vc_row el_class="footer-top" css=".vc_custom_1528515723635{margin-right: 0px !important;margin-bottom: 0px !important;margin-left: 0px !important;padding-top: 60px !important;padding-right: 15px !important;padding-bottom: 25px !important;padding-left: 15px !important;background-color: #282829 !important;}"][vc_column width="1/3" el_class="f-col"][vc_column_text el_class="footer-title"]
<h3>About Us</h3>
[/vc_column_text][vc_column_text el_class="footer-content about-us"]We are a team of designers and developers that create high quality Magento, Prestashop, Opencart [...].
<div class="address">Address: 123 Main Street, Anytown, CA 12345 - USA.
Telephone Enquiry: (012) 800 456 789-987
Email: Contact@plazathemes.com</div>
<div class="social-icons">
<ul>
 	<li class="facebook"><a title="facebook" href="#"><i class="icon-facebook"></i>face</a></li>
 	<li class="twitter"><a title="twitter" href="#"><i class="icon-twitter2"></i>twitter</a></li>
 	<li class="instagram"><a title="instagram" href="#"><i class="icon-instagram2"></i>instagram</a></li>
 	<li class="google"><a title="google" href="#"><i class="icon-google"></i>google</a></li>
 	<li class="rss"><a title="rss" href="#"><i class="icon-rss"></i>rss</a></li>
 	<li class="dribbble"><a title="dribbble" href="#"><i class="icon-dribbble"></i>dribbble</a></li>
</ul>
</div>
[/vc_column_text][/vc_column][vc_column width="1/6" el_class="f-col"][vc_column_text el_class="footer-title"]
<h3>Information</h3>
[/vc_column_text][vc_wp_custommenu nav_menu="49" el_class="footer-content"][/vc_column][vc_column width="1/6" el_class="f-col"][vc_column_text el_class="footer-title"]
<h3>My Account</h3>
[/vc_column_text][vc_wp_custommenu nav_menu="50" el_class="footer-content"][/vc_column][vc_column width="1/3" el_class="f-col"][vc_column_text el_class="footer-title"]
<h3>Join Our Newsletter Now</h3>
[/vc_column_text][vc_column_text el_class="footer-content newsletter"]Get E-mail updates about our latest shop and special offers.
[mc4wp_form id="9116"][/vc_column_text][/vc_column][/vc_row][vc_row el_class="footer-middle" css=".vc_custom_1528515733685{margin-right: 0px !important;margin-bottom: 0px !important;margin-left: 0px !important;border-bottom-width: 1px !important;padding-top: 60px !important;padding-right: 15px !important;padding-bottom: 60px !important;padding-left: 15px !important;background-color: #282829 !important;border-bottom-color: #323232 !important;border-bottom-style: solid !important;}"][vc_column][vc_wp_custommenu nav_menu="51" el_class="footer-menu-links"][vc_wp_custommenu nav_menu="52" el_class="footer-menu-links"][vc_single_image image="9306" img_size="full" alignment="center" el_class="payment"][/vc_column][/vc_row][vc_row el_class="footer-bottom" css=".vc_custom_1528515743633{margin-right: 0px !important;margin-left: 0px !important;padding-top: 25px !important;padding-right: 15px !important;padding-bottom: 25px !important;padding-left: 15px !important;background-color: #282829 !important;}"][vc_column][vc_column_text el_class="copy-right"]Copyright © 2018 PlazaThemes. All Right Reserved.[/vc_column_text][/vc_column][/vc_row]]]></content:encoded>
		<excerpt:encoded><![CDATA[]]></excerpt:encoded>
		<wp:post_id>9502</wp:post_id>
		<wp:post_date><![CDATA[2018-06-07 09:37:54]]></wp:post_date>
		<wp:post_date_gmt><![CDATA[2018-06-07 09:37:54]]></wp:post_date_gmt>
		<wp:comment_status><![CDATA[closed]]></wp:comment_status>
		<wp:ping_status><![CDATA[closed]]></wp:ping_status>
		<wp:post_name><![CDATA[footer-sport-1]]></wp:post_name>
		<wp:status><![CDATA[publish]]></wp:status>
		<wp:post_parent>0</wp:post_parent>
		<wp:menu_order>0</wp:menu_order>
		<wp:post_type><![CDATA[templatera]]></wp:post_type>
		<wp:post_password><![CDATA[]]></wp:post_password>
		<wp:is_sticky>0</wp:is_sticky>
		<wp:postmeta>
			<wp:meta_key><![CDATA[_vc_post_settings]]></wp:meta_key>
			<wp:meta_value><![CDATA[a:1:{s:10:"vc_grid_id";a:0:{}}]]></wp:meta_value>
		</wp:postmeta>
		<wp:postmeta>
			<wp:meta_key><![CDATA[_wpb_shortcodes_custom_css]]></wp:meta_key>
			<wp:meta_value><![CDATA[.vc_custom_1528515643826{margin-right: 0px !important;margin-bottom: 0px !important;margin-left: 0px !important;border-bottom-width: 1px !important;padding-top: 25px !important;padding-right: 15px !important;padding-bottom: 25px !important;padding-left: 15px !important;background-color: #282829 !important;border-bottom-color: #323232 !important;border-bottom-style: solid !important;}.vc_custom_1528515723635{margin-right: 0px !important;margin-bottom: 0px !important;margin-left: 0px !important;padding-top: 60px !important;padding-right: 15px !important;padding-bottom: 25px !important;padding-left: 15px !important;background-color: #282829 !important;}.vc_custom_1528515733685{margin-right: 0px !important;margin-bottom: 0px !important;margin-left: 0px !important;border-bottom-width: 1px !important;padding-top: 60px !important;padding-right: 15px !important;padding-bottom: 60px !important;padding-left: 15px !important;background-color: #282829 !important;border-bottom-color: #323232 !important;border-bottom-style: solid !important;}.vc_custom_1528515743633{margin-right: 0px !important;margin-left: 0px !important;padding-top: 25px !important;padding-right: 15px !important;padding-bottom: 25px !important;padding-left: 15px !important;background-color: #282829 !important;}.vc_custom_1528425092514{border-top-width: 0px !important;border-right-width: 0px !important;border-bottom-width: 0px !important;border-left-width: 0px !important;background-color: #282829 !important;}.vc_custom_1528425208607{padding-top: 0px !important;}.vc_custom_1528425216065{padding-top: 0px !important;}.vc_custom_1528425222368{padding-top: 0px !important;}]]></wp:meta_value>
		</wp:postmeta>
		<wp:postmeta>
			<wp:meta_key><![CDATA[_vc_post_settings]]></wp:meta_key>
			<wp:meta_value><![CDATA[a:1:{s:10:"vc_grid_id";a:0:{}}]]></wp:meta_value>
		</wp:postmeta>
		<wp:postmeta>
			<wp:meta_key><![CDATA[_edit_last]]></wp:meta_key>
			<wp:meta_value><![CDATA[1]]></wp:meta_value>
		</wp:postmeta>
		<wp:postmeta>
			<wp:meta_key><![CDATA[slide_template]]></wp:meta_key>
			<wp:meta_value><![CDATA[default]]></wp:meta_value>
		</wp:postmeta>
		<wp:postmeta>
			<wp:meta_key><![CDATA[_wpb_vc_js_status]]></wp:meta_key>
			<wp:meta_value><![CDATA[true]]></wp:meta_value>
		</wp:postmeta>
		<wp:postmeta>
			<wp:meta_key><![CDATA[_wpb_shortcodes_custom_css]]></wp:meta_key>
			<wp:meta_value><![CDATA[.vc_custom_1528515643826{margin-right: 0px !important;margin-bottom: 0px !important;margin-left: 0px !important;border-bottom-width: 1px !important;padding-top: 25px !important;padding-right: 15px !important;padding-bottom: 25px !important;padding-left: 15px !important;background-color: #282829 !important;border-bottom-color: #323232 !important;border-bottom-style: solid !important;}.vc_custom_1528515723635{margin-right: 0px !important;margin-bottom: 0px !important;margin-left: 0px !important;padding-top: 60px !important;padding-right: 15px !important;padding-bottom: 25px !important;padding-left: 15px !important;background-color: #282829 !important;}.vc_custom_1528515733685{margin-right: 0px !important;margin-bottom: 0px !important;margin-left: 0px !important;border-bottom-width: 1px !important;padding-top: 60px !important;padding-right: 15px !important;padding-bottom: 60px !important;padding-left: 15px !important;background-color: #282829 !important;border-bottom-color: #323232 !important;border-bottom-style: solid !important;}.vc_custom_1528515743633{margin-right: 0px !important;margin-left: 0px !important;padding-top: 25px !important;padding-right: 15px !important;padding-bottom: 25px !important;padding-left: 15px !important;background-color: #282829 !important;}.vc_custom_1528425092514{border-top-width: 0px !important;border-right-width: 0px !important;border-bottom-width: 0px !important;border-left-width: 0px !important;background-color: #282829 !important;}.vc_custom_1528425208607{padding-top: 0px !important;}.vc_custom_1528425216065{padding-top: 0px !important;}.vc_custom_1528425222368{padding-top: 0px !important;}]]></wp:meta_value>
		</wp:postmeta>
		<wp:postmeta>
			<wp:meta_key><![CDATA[_wp_old_slug]]></wp:meta_key>
			<wp:meta_value><![CDATA[footer-bike-1]]></wp:meta_value>
		</wp:postmeta>
	</item>
</channel>
</rss>
