<?xml version="1.0" encoding="UTF-8" ?>
<!-- This is a WordPress eXtended RSS file generated by WordPress as an export of your site. -->
<!-- It contains information about your site's posts, pages, comments, categories, and other content. -->
<!-- You may use this file to transfer that content from one site to another. -->
<!-- This file is not intended to serve as a complete backup of your site. -->

<!-- To import this information into a WordPress site follow these steps: -->
<!-- 1. Log in to that site as an administrator. -->
<!-- 2. Go to Tools: Import in the WordPress admin panel. -->
<!-- 3. Install the "WordPress" importer from the list. -->
<!-- 4. Activate & Run Importer. -->
<!-- 5. Upload this file using the form provided on that page. -->
<!-- 6. You will first be asked to map the authors in this export file to users -->
<!--    on the site. For each author, you may choose to map to an -->
<!--    existing user on the site or to create a new user. -->
<!-- 7. WordPress will then import each of the posts, pages, comments, categories, etc. -->
<!--    contained in this file into your site. -->

<!-- generator="WordPress/4.9.6" created="2018-06-22 09:30" -->
<rss version="2.0"
	xmlns:excerpt="http://wordpress.org/export/1.2/excerpt/"
	xmlns:content="http://purl.org/rss/1.0/modules/content/"
	xmlns:wfw="http://wellformedweb.org/CommentAPI/"
	xmlns:dc="http://purl.org/dc/elements/1.1/"
	xmlns:wp="http://wordpress.org/export/1.2/"
>

<channel>
	<title>Devita Fashion</title>
	<link>http://127.0.0.1/wp/devita-demo</link>
	<description>Just another WordPress site</description>
	<pubDate>Fri, 22 Jun 2018 09:30:03 +0000</pubDate>
	<language>en-US</language>
	<wp:wxr_version>1.2</wp:wxr_version>
	<wp:base_site_url>http://127.0.0.1/wp/devita-demo</wp:base_site_url>
	<wp:base_blog_url>http://127.0.0.1/wp/devita-demo</wp:base_blog_url>

	<wp:author><wp:author_id>1</wp:author_id><wp:author_login><![CDATA[admin]]></wp:author_login><wp:author_email><![CDATA[demo@roadthemes.com]]></wp:author_email><wp:author_display_name><![CDATA[admin]]></wp:author_display_name><wp:author_first_name><![CDATA[]]></wp:author_first_name><wp:author_last_name><![CDATA[]]></wp:author_last_name></wp:author>


	<generator>https://wordpress.org/?v=4.9.6</generator>

	<item>
		<title>Book Home 1</title>
		<link>http://127.0.0.1/wp/devita-demo/</link>
		<pubDate>Thu, 05 Apr 2018 03:02:29 +0000</pubDate>
		<dc:creator><![CDATA[admin]]></dc:creator>
		<guid isPermaLink="false">http://127.0.0.1/wp/devita/?page_id=8784</guid>
		<description></description>
		<content:encoded><![CDATA[<p>[vc_row el_class="home-slider full-width" css=".vc_custom_1525678844853{margin-bottom: 0px !important;}"][vc_column][rev_slider_vc alias="home_slider_1"][/vc_column][/vc_row][vc_row el_class="home-static-1 full-width"][vc_column width="1/2" el_class="box box1"][vc_single_image image="9625" img_size="full" onclick="custom_link" el_class="box-inner" css=".vc_custom_1529656563885{margin-bottom: 0px !important;}" link="http://demo.roadthemes.com/devita/book/shop/"][/vc_column][vc_column width="1/2" el_class="box box2"][vc_single_image image="9626" img_size="full" onclick="custom_link" el_class="box-inner" css=".vc_custom_1529656584386{margin-bottom: 0px !important;}" link="http://demo.roadthemes.com/devita/book/shop/"][/vc_column][/vc_row][vc_row el_class="home-tabs"][vc_column][vc_tta_tabs color="white" spacing="" alignment="center" active_section="1" no_fill_content_area="true"][vc_tta_section title="New Arrivals" tab_id="1527825367699-53ab1750-6ef9" el_class="title-tab"][recent_products_r per_page="12" columns="2" orderby="" order="" enable_slider="true" items="5" item_desktop="4" item_small="3" item_tablet="2" item_mobile="1" navigation="1" pagination="" speed="500" loop="true" effect="fade"][/vc_tta_section][vc_tta_section title="Featured" tab_id="1527825396149-9283d71c-019d" el_class="title-tab"][featured_products_r per_page="12" columns="2" orderby="" order="" enable_slider="true" items="5" item_desktop="4" item_small="3" item_tablet="2" item_mobile="1" navigation="1" pagination="" speed="500" loop="true" effect="fade"][/vc_tta_section][vc_tta_section title="Top Rated" tab_id="1527825395799-a715029b-4f8a" el_class="title-tab"][sale_products_r per_page="12" columns="2" orderby="" order="" enable_slider="true" items="5" item_desktop="4" item_small="3" item_tablet="2" item_mobile="1" navigation="1" pagination="" speed="500" loop="true" effect="fade"][/vc_tta_section][/vc_tta_tabs][/vc_column][/vc_row][vc_row el_class="book-static-2 full-width" css=".vc_custom_1529656608893{padding-top: 150px !important;padding-bottom: 150px !important;background: #f4f4f4 url(http://roadthemes.com/api/devita/uploads/2018/06/img3.jpg?id=9703) !important;}"][vc_column][vc_column_text el_class="box-text"]</p>
<div class="text-inner">
<h3>How To Be An Explorer of The World</h3>
<p>The most popular and best-selling book of the year. Read it to see the true value of our lives, appreciate the things we have and the higher values in the future.</p>
<div class="price">Discounted: <strong>$68.99</strong></div>
<p><a class="button discover" href="#">discover now</a></div>
<p>[/vc_column_text][/vc_column][/vc_row][vc_row css=".vc_custom_1525764638097{margin-bottom: 0px !important;}"][vc_column width="1/4" el_class="home-sidebar"][vc_row_inner el_class="products-style2 layout3"][vc_column_inner][vc_column_text el_class="title1"]</p>
<h3>Special Book</h3>
<p>[/vc_column_text][sale_products_r per_page="8" columns="4" orderby="" order="" enable_slider="true" items="1" item_desktop="1" item_small="2" item_tablet="2" item_mobile="1" navigation="1" pagination="" speed="500" effect="fade"][/vc_column_inner][/vc_row_inner][vc_row_inner el_class="home-static-1"][vc_column_inner el_class="box"][vc_single_image image="9700" img_size="full" onclick="custom_link" link="http://demo.roadthemes.com/devita/book/shop/" el_class="box-inner"][/vc_column_inner][/vc_row_inner][vc_row_inner el_class="latest-posts style2"][vc_column_inner][vc_column_text el_class="title1"]</p>
<h3>From Our Blog</h3>
<p>[/vc_column_text][latestposts posts_per_page="6" length="16" colsnumber="3" rowsnumber="3" enable_slider="true" items="1" item_desktop="1" item_small="2" item_tablet="2" item_mobile="1" navigation="1" pagination="" speed="500" effect="" vertical_check="true" image="square"][/vc_column_inner][/vc_row_inner][/vc_column][vc_column width="3/4"][vc_row_inner][vc_column_inner][vc_column_text el_class="title1"]</p>
<h3>Best Selling Products</h3>
<p>[/vc_column_text][bestselling_products_r per_page="10" columns="2" enable_slider="true" items="4" item_desktop="3" item_small="3" item_tablet="2" item_mobile="1" navigation="" pagination="" speed="500" effect=""][/vc_column_inner][/vc_row_inner][vc_row_inner el_class="home-static-1"][vc_column_inner el_class="box"][vc_single_image image="9701" img_size="full" onclick="custom_link" link="http://demo.roadthemes.com/devita/book/shop/" el_class="box-inner"][/vc_column_inner][/vc_row_inner][vc_row_inner][vc_column_inner][vc_column_text el_class="title1"]</p>
<h3>Latest Book</h3>
<p>[/vc_column_text][product_category_r per_page="6" columns="1" orderby="" order="" category="pc-game" enable_slider="true" items="4" item_desktop="3" item_small="3" item_tablet="2" item_mobile="1" navigation="1" pagination="" speed="500" effect="fade"][/vc_column_inner][/vc_row_inner][/vc_column][/vc_row]</p>
]]></content:encoded>
		<excerpt:encoded><![CDATA[]]></excerpt:encoded>
		<wp:post_id>9671</wp:post_id>
		<wp:post_date><![CDATA[2018-04-05 03:02:29]]></wp:post_date>
		<wp:post_date_gmt><![CDATA[2018-04-05 03:02:29]]></wp:post_date_gmt>
		<wp:comment_status><![CDATA[closed]]></wp:comment_status>
		<wp:ping_status><![CDATA[closed]]></wp:ping_status>
		<wp:post_name><![CDATA[medical-home-1-2]]></wp:post_name>
		<wp:status><![CDATA[publish]]></wp:status>
		<wp:post_parent>0</wp:post_parent>
		<wp:menu_order>0</wp:menu_order>
		<wp:post_type><![CDATA[page]]></wp:post_type>
		<wp:post_password><![CDATA[]]></wp:post_password>
		<wp:is_sticky>0</wp:is_sticky>
		<wp:postmeta>
			<wp:meta_key><![CDATA[_vc_post_settings]]></wp:meta_key>
			<wp:meta_value><![CDATA[a:1:{s:10:"vc_grid_id";a:0:{}}]]></wp:meta_value>
		</wp:postmeta>
		<wp:postmeta>
			<wp:meta_key><![CDATA[_wpb_shortcodes_custom_css]]></wp:meta_key>
			<wp:meta_value><![CDATA[.vc_custom_1525678844853{margin-bottom: 0px !important;}.vc_custom_1529656608893{padding-top: 150px !important;padding-bottom: 150px !important;background: #f4f4f4 url(http://roadthemes.com/api/devita/uploads/2018/06/img3.jpg?id=9703) !important;}.vc_custom_1525764638097{margin-bottom: 0px !important;}.vc_custom_1529656563885{margin-bottom: 0px !important;}.vc_custom_1529656584386{margin-bottom: 0px !important;}]]></wp:meta_value>
		</wp:postmeta>
		<wp:postmeta>
			<wp:meta_key><![CDATA[_vc_post_settings]]></wp:meta_key>
			<wp:meta_value><![CDATA[a:1:{s:10:"vc_grid_id";a:0:{}}]]></wp:meta_value>
		</wp:postmeta>
		<wp:postmeta>
			<wp:meta_key><![CDATA[_wpb_shortcodes_custom_css]]></wp:meta_key>
			<wp:meta_value><![CDATA[.vc_custom_1525678844853{margin-bottom: 0px !important;}.vc_custom_1529656608893{padding-top: 150px !important;padding-bottom: 150px !important;background: #f4f4f4 url(http://roadthemes.com/api/devita/uploads/2018/06/img3.jpg?id=9703) !important;}.vc_custom_1525764638097{margin-bottom: 0px !important;}.vc_custom_1529656563885{margin-bottom: 0px !important;}.vc_custom_1529656584386{margin-bottom: 0px !important;}]]></wp:meta_value>
		</wp:postmeta>
		<wp:postmeta>
			<wp:meta_key><![CDATA[_vc_post_settings]]></wp:meta_key>
			<wp:meta_value><![CDATA[a:1:{s:10:"vc_grid_id";a:0:{}}]]></wp:meta_value>
		</wp:postmeta>
		<wp:postmeta>
			<wp:meta_key><![CDATA[_edit_last]]></wp:meta_key>
			<wp:meta_value><![CDATA[1]]></wp:meta_value>
		</wp:postmeta>
		<wp:postmeta>
			<wp:meta_key><![CDATA[_wp_page_template]]></wp:meta_key>
			<wp:meta_value><![CDATA[page-templates/front-page.php]]></wp:meta_value>
		</wp:postmeta>
		<wp:postmeta>
			<wp:meta_key><![CDATA[slide_template]]></wp:meta_key>
			<wp:meta_value><![CDATA[default]]></wp:meta_value>
		</wp:postmeta>
		<wp:postmeta>
			<wp:meta_key><![CDATA[_devita_post_intro]]></wp:meta_key>
			<wp:meta_value><![CDATA[]]></wp:meta_value>
		</wp:postmeta>
		<wp:postmeta>
			<wp:meta_key><![CDATA[_devita_custom_sidebar]]></wp:meta_key>
			<wp:meta_value><![CDATA[]]></wp:meta_value>
		</wp:postmeta>
		<wp:postmeta>
			<wp:meta_key><![CDATA[_devita_custom_sidebar_pos]]></wp:meta_key>
			<wp:meta_value><![CDATA[left]]></wp:meta_value>
		</wp:postmeta>
		<wp:postmeta>
			<wp:meta_key><![CDATA[_wpb_vc_js_status]]></wp:meta_key>
			<wp:meta_value><![CDATA[true]]></wp:meta_value>
		</wp:postmeta>
		<wp:postmeta>
			<wp:meta_key><![CDATA[_wpml_media_duplicate]]></wp:meta_key>
			<wp:meta_value><![CDATA[]]></wp:meta_value>
		</wp:postmeta>
		<wp:postmeta>
			<wp:meta_key><![CDATA[_wpml_media_featured]]></wp:meta_key>
			<wp:meta_value><![CDATA[]]></wp:meta_value>
		</wp:postmeta>
		<wp:postmeta>
			<wp:meta_key><![CDATA[_wpml_location_migration_done]]></wp:meta_key>
			<wp:meta_value><![CDATA[1]]></wp:meta_value>
		</wp:postmeta>
		<wp:postmeta>
			<wp:meta_key><![CDATA[_wpb_shortcodes_custom_css]]></wp:meta_key>
			<wp:meta_value><![CDATA[.vc_custom_1525678844853{margin-bottom: 0px !important;}.vc_custom_1529656608893{padding-top: 150px !important;padding-bottom: 150px !important;background: #f4f4f4 url(http://roadthemes.com/api/devita/uploads/2018/06/img3.jpg?id=9703) !important;}.vc_custom_1525764638097{margin-bottom: 0px !important;}.vc_custom_1529656563885{margin-bottom: 0px !important;}.vc_custom_1529656584386{margin-bottom: 0px !important;}]]></wp:meta_value>
		</wp:postmeta>
	</item>
	<item>
		<title>Header Book 1</title>
		<link>http://127.0.0.1/wp/devita-demo/templatera/header-book-1/</link>
		<pubDate>Thu, 26 Apr 2018 01:32:33 +0000</pubDate>
		<dc:creator><![CDATA[admin]]></dc:creator>
		<guid isPermaLink="false">http://127.0.0.1/wp/devita/?post_type=templatera&#038;p=9212</guid>
		<description></description>
		<content:encoded><![CDATA[[vc_row el_class="header-block visible-large" css=".vc_custom_1525673404725{background-color: #ea9a01 !important;}"][vc_column][vc_column_text el_class="header-block-inner" css=".vc_custom_1529655962245{background-image: url(http://roadthemes.com/api/devita/uploads/2018/04/home6.png?id=9697) !important;background-position: 0 0 !important;background-repeat: no-repeat !important;}"]
<div class="content">Get free shipping and a worry - Free 30 day money back guarantee when you ! <a class="link" href="http://demo.roadthemes.com/devita/book/shop/">Shop Online</a></div>
<div class="close"><i class="icon-x"></i>close</div>
[/vc_column_text][/vc_column][/vc_row][vc_row el_class="top-bar"][vc_column width="1/2" el_class="language-area"][vc_wp_custommenu title="Language:" nav_menu="48" el_class="language switcher"][vc_wp_custommenu title="Currency:" nav_menu="47" el_class="currency switcher"][/vc_column][vc_column width="1/2"][vc_wp_custommenu nav_menu="46" el_class="top-menu"][/vc_column][/vc_row][vc_row el_class="header-middle"][vc_column width="1/4"][vc_single_image image="9698" img_size="full" onclick="custom_link" el_class="logo" link="http://demo.roadthemes.com/devita/book/"][/vc_column][vc_column width="3/4"][vc_row_inner el_class="header-inner-content" css=".vc_custom_1523073138462{margin-right: -15px !important;margin-left: -15px !important;}"][vc_column_inner width="5/12"][vc_column_text el_class="header-phone"]
<div class="image"><img class="alignnone size-full wp-image-9620" src="http://roadthemes.com/api/devita/uploads/2018/04/headphone_icon.png" alt="" width="32" height="32" /></div>
<div class="text">

Call us

Free Support: (012) 800 456 789

</div>
[/vc_column_text][/vc_column_inner][vc_column_inner width="5/12"][roadproductssearch][/vc_column_inner][vc_column_inner width="1/6"][roadminicart][/vc_column_inner][/vc_row_inner][/vc_column][/vc_row][vc_row el_class="header-bottom"][vc_column][roadmainmenu][/vc_column][/vc_row]]]></content:encoded>
		<excerpt:encoded><![CDATA[]]></excerpt:encoded>
		<wp:post_id>9672</wp:post_id>
		<wp:post_date><![CDATA[2018-04-26 01:32:33]]></wp:post_date>
		<wp:post_date_gmt><![CDATA[2018-04-26 01:32:33]]></wp:post_date_gmt>
		<wp:comment_status><![CDATA[closed]]></wp:comment_status>
		<wp:ping_status><![CDATA[closed]]></wp:ping_status>
		<wp:post_name><![CDATA[header-book-1]]></wp:post_name>
		<wp:status><![CDATA[publish]]></wp:status>
		<wp:post_parent>0</wp:post_parent>
		<wp:menu_order>0</wp:menu_order>
		<wp:post_type><![CDATA[templatera]]></wp:post_type>
		<wp:post_password><![CDATA[]]></wp:post_password>
		<wp:is_sticky>0</wp:is_sticky>
		<wp:postmeta>
			<wp:meta_key><![CDATA[_vc_post_settings]]></wp:meta_key>
			<wp:meta_value><![CDATA[a:1:{s:10:"vc_grid_id";a:0:{}}]]></wp:meta_value>
		</wp:postmeta>
		<wp:postmeta>
			<wp:meta_key><![CDATA[_wpb_shortcodes_custom_css]]></wp:meta_key>
			<wp:meta_value><![CDATA[.vc_custom_1525673404725{background-color: #ea9a01 !important;}.vc_custom_1529655962245{background-image: url(http://roadthemes.com/api/devita/uploads/2018/04/home6.png?id=9697) !important;background-position: 0 0 !important;background-repeat: no-repeat !important;}.vc_custom_1523073138462{margin-right: -15px !important;margin-left: -15px !important;}]]></wp:meta_value>
		</wp:postmeta>
		<wp:postmeta>
			<wp:meta_key><![CDATA[_vc_post_settings]]></wp:meta_key>
			<wp:meta_value><![CDATA[a:1:{s:10:"vc_grid_id";a:0:{}}]]></wp:meta_value>
		</wp:postmeta>
		<wp:postmeta>
			<wp:meta_key><![CDATA[_wpb_shortcodes_custom_css]]></wp:meta_key>
			<wp:meta_value><![CDATA[.vc_custom_1525673404725{background-color: #ea9a01 !important;}.vc_custom_1529655962245{background-image: url(http://roadthemes.com/api/devita/uploads/2018/04/home6.png?id=9697) !important;background-position: 0 0 !important;background-repeat: no-repeat !important;}.vc_custom_1523073138462{margin-right: -15px !important;margin-left: -15px !important;}]]></wp:meta_value>
		</wp:postmeta>
		<wp:postmeta>
			<wp:meta_key><![CDATA[_vc_post_settings]]></wp:meta_key>
			<wp:meta_value><![CDATA[a:1:{s:10:"vc_grid_id";a:0:{}}]]></wp:meta_value>
		</wp:postmeta>
		<wp:postmeta>
			<wp:meta_key><![CDATA[_edit_last]]></wp:meta_key>
			<wp:meta_value><![CDATA[1]]></wp:meta_value>
		</wp:postmeta>
		<wp:postmeta>
			<wp:meta_key><![CDATA[slide_template]]></wp:meta_key>
			<wp:meta_value><![CDATA[default]]></wp:meta_value>
		</wp:postmeta>
		<wp:postmeta>
			<wp:meta_key><![CDATA[_wpb_vc_js_status]]></wp:meta_key>
			<wp:meta_value><![CDATA[true]]></wp:meta_value>
		</wp:postmeta>
		<wp:postmeta>
			<wp:meta_key><![CDATA[_wpb_shortcodes_custom_css]]></wp:meta_key>
			<wp:meta_value><![CDATA[.vc_custom_1525673404725{background-color: #ea9a01 !important;}.vc_custom_1529655962245{background-image: url(http://roadthemes.com/api/devita/uploads/2018/04/home6.png?id=9697) !important;background-position: 0 0 !important;background-repeat: no-repeat !important;}.vc_custom_1523073138462{margin-right: -15px !important;margin-left: -15px !important;}]]></wp:meta_value>
		</wp:postmeta>
		<wp:postmeta>
			<wp:meta_key><![CDATA[_wp_old_slug]]></wp:meta_key>
			<wp:meta_value><![CDATA[header-1]]></wp:meta_value>
		</wp:postmeta>
	</item>
	<item>
		<title>Footer Book 1</title>
		<link>http://127.0.0.1/wp/devita-demo/templatera/footer-book-1/</link>
		<pubDate>Thu, 26 Apr 2018 01:34:40 +0000</pubDate>
		<dc:creator><![CDATA[admin]]></dc:creator>
		<guid isPermaLink="false">http://127.0.0.1/wp/devita/?post_type=templatera&#038;p=9213</guid>
		<description></description>
		<content:encoded><![CDATA[<p>[vc_row el_class="brands-logo" css=".vc_custom_1526375605599{padding-top: 30px !important;padding-bottom: 30px !important;background-color: #ffffff !important;}"][vc_column][ourbrands enable_slider="true" items="5" item_desktop="4" item_small="3" item_tablet="2" item_mobile="1" navigation="" pagination="" speed="500" effect=""][/vc_column][/vc_row][vc_row el_class="our-service"][vc_column][vc_row_inner el_class="our-service-inner"][vc_column_inner el_class="box box1" width="1/3"][vc_column_text el_class="box-inner"]</p>
<h4>Free Shipping</h4>
<p>Free shipping on all order[/vc_column_text][/vc_column_inner][vc_column_inner el_class="box box2" width="1/3"][vc_column_text el_class="box-inner"]</p>
<h4>Money Return</h4>
<p>30 days for free return[/vc_column_text][/vc_column_inner][vc_column_inner el_class="box box3" width="1/3"][vc_column_text el_class="box-inner"]</p>
<h4>Online Support</h4>
<p>Support 24 hours a day[/vc_column_text][/vc_column_inner][/vc_row_inner][/vc_column][/vc_row][vc_row el_class="footer-top"][vc_column width="1/3" el_class="f-col"][vc_column_text el_class="footer-title"]</p>
<h3>About Us</h3>
<p>[/vc_column_text][vc_column_text el_class="footer-content about-us"]We are a team of designers and developers that create high quality Magento, Prestashop, Opencart [...].</p>
<div class="address">Address: 123 Main Street, Anytown, CA 12345 - USA.<br />
Telephone Enquiry: (012) 800 456 789-987<br />
Email: Contact@plazathemes.com</div>
<div class="social-icons">
<ul>
<li class="facebook"><a title="facebook" href="#"><i class="icon-facebook"></i>face</a></li>
<li class="twitter"><a title="twitter" href="#"><i class="icon-twitter2"></i>twitter</a></li>
<li class="instagram"><a title="instagram" href="#"><i class="icon-instagram2"></i>instagram</a></li>
<li class="google"><a title="google" href="#"><i class="icon-google"></i>google</a></li>
<li class="rss"><a title="rss" href="#"><i class="icon-rss"></i>rss</a></li>
<li class="dribbble"><a title="dribbble" href="#"><i class="icon-dribbble"></i>dribbble</a></li>
</ul>
</div>
<p>[/vc_column_text][/vc_column][vc_column width="1/6" el_class="f-col"][vc_column_text el_class="footer-title"]</p>
<h3>Information</h3>
<p>[/vc_column_text][vc_wp_custommenu nav_menu="49" el_class="footer-content"][/vc_column][vc_column width="1/6" el_class="f-col"][vc_column_text el_class="footer-title"]</p>
<h3>My Account</h3>
<p>[/vc_column_text][vc_wp_custommenu nav_menu="50" el_class="footer-content"][/vc_column][vc_column width="1/3" el_class="f-col"][vc_column_text el_class="footer-title"]</p>
<h3>Join Our Newsletter Now</h3>
<p>[/vc_column_text][vc_column_text el_class="footer-content newsletter"]Get E-mail updates about our latest shop and special offers.<br />
[mc4wp_form id="9116"][/vc_column_text][/vc_column][/vc_row][vc_row el_class="footer-middle"][vc_column][vc_wp_custommenu nav_menu="51" el_class="footer-menu-links"][vc_wp_custommenu nav_menu="52" el_class="footer-menu-links"][vc_single_image image="9306" img_size="full" alignment="center" el_class="payment"][/vc_column][/vc_row][vc_row el_class="footer-bottom"][vc_column][vc_column_text el_class="copy-right"]Copyright © 2018 PlazaThemes. All Right Reserved.[/vc_column_text][/vc_column][/vc_row]</p>
]]></content:encoded>
		<excerpt:encoded><![CDATA[]]></excerpt:encoded>
		<wp:post_id>9673</wp:post_id>
		<wp:post_date><![CDATA[2018-04-26 01:34:40]]></wp:post_date>
		<wp:post_date_gmt><![CDATA[2018-04-26 01:34:40]]></wp:post_date_gmt>
		<wp:comment_status><![CDATA[closed]]></wp:comment_status>
		<wp:ping_status><![CDATA[closed]]></wp:ping_status>
		<wp:post_name><![CDATA[footer-book-1]]></wp:post_name>
		<wp:status><![CDATA[publish]]></wp:status>
		<wp:post_parent>0</wp:post_parent>
		<wp:menu_order>0</wp:menu_order>
		<wp:post_type><![CDATA[templatera]]></wp:post_type>
		<wp:post_password><![CDATA[]]></wp:post_password>
		<wp:is_sticky>0</wp:is_sticky>
		<wp:postmeta>
			<wp:meta_key><![CDATA[_vc_post_settings]]></wp:meta_key>
			<wp:meta_value><![CDATA[a:1:{s:10:"vc_grid_id";a:0:{}}]]></wp:meta_value>
		</wp:postmeta>
		<wp:postmeta>
			<wp:meta_key><![CDATA[_wpb_shortcodes_custom_css]]></wp:meta_key>
			<wp:meta_value><![CDATA[.vc_custom_1526375605599{padding-top: 30px !important;padding-bottom: 30px !important;background-color: #ffffff !important;}]]></wp:meta_value>
		</wp:postmeta>
		<wp:postmeta>
			<wp:meta_key><![CDATA[_vc_post_settings]]></wp:meta_key>
			<wp:meta_value><![CDATA[a:1:{s:10:"vc_grid_id";a:0:{}}]]></wp:meta_value>
		</wp:postmeta>
		<wp:postmeta>
			<wp:meta_key><![CDATA[_wpb_shortcodes_custom_css]]></wp:meta_key>
			<wp:meta_value><![CDATA[.vc_custom_1526375605599{padding-top: 30px !important;padding-bottom: 30px !important;background-color: #ffffff !important;}]]></wp:meta_value>
		</wp:postmeta>
		<wp:postmeta>
			<wp:meta_key><![CDATA[_vc_post_settings]]></wp:meta_key>
			<wp:meta_value><![CDATA[a:1:{s:10:"vc_grid_id";a:0:{}}]]></wp:meta_value>
		</wp:postmeta>
		<wp:postmeta>
			<wp:meta_key><![CDATA[_edit_last]]></wp:meta_key>
			<wp:meta_value><![CDATA[1]]></wp:meta_value>
		</wp:postmeta>
		<wp:postmeta>
			<wp:meta_key><![CDATA[slide_template]]></wp:meta_key>
			<wp:meta_value><![CDATA[default]]></wp:meta_value>
		</wp:postmeta>
		<wp:postmeta>
			<wp:meta_key><![CDATA[_wpb_vc_js_status]]></wp:meta_key>
			<wp:meta_value><![CDATA[true]]></wp:meta_value>
		</wp:postmeta>
		<wp:postmeta>
			<wp:meta_key><![CDATA[_wpb_shortcodes_custom_css]]></wp:meta_key>
			<wp:meta_value><![CDATA[.vc_custom_1526375605599{padding-top: 30px !important;padding-bottom: 30px !important;background-color: #ffffff !important;}]]></wp:meta_value>
		</wp:postmeta>
		<wp:postmeta>
			<wp:meta_key><![CDATA[_wp_old_slug]]></wp:meta_key>
			<wp:meta_value><![CDATA[footer-1]]></wp:meta_value>
		</wp:postmeta>
	</item>
</channel>
</rss>
