<?xml version="1.0" encoding="UTF-8" ?>
<!-- This is a WordPress eXtended RSS file generated by WordPress as an export of your site. -->
<!-- It contains information about your site's posts, pages, comments, categories, and other content. -->
<!-- You may use this file to transfer that content from one site to another. -->
<!-- This file is not intended to serve as a complete backup of your site. -->

<!-- To import this information into a WordPress site follow these steps: -->
<!-- 1. Log in to that site as an administrator. -->
<!-- 2. Go to Tools: Import in the WordPress admin panel. -->
<!-- 3. Install the "WordPress" importer from the list. -->
<!-- 4. Activate & Run Importer. -->
<!-- 5. Upload this file using the form provided on that page. -->
<!-- 6. You will first be asked to map the authors in this export file to users -->
<!--    on the site. For each author, you may choose to map to an -->
<!--    existing user on the site or to create a new user. -->
<!-- 7. WordPress will then import each of the posts, pages, comments, categories, etc. -->
<!--    contained in this file into your site. -->

<!-- generator="WordPress/4.9.8" created="2018-08-09 07:08" -->
<rss version="2.0"
	xmlns:excerpt="http://wordpress.org/export/1.2/excerpt/"
	xmlns:content="http://purl.org/rss/1.0/modules/content/"
	xmlns:wfw="http://wellformedweb.org/CommentAPI/"
	xmlns:dc="http://purl.org/dc/elements/1.1/"
	xmlns:wp="http://wordpress.org/export/1.2/"
>

<channel>
	<title>Devita Underwear</title>
	<link>http://demo.roadthemes.com/devita/underwear</link>
	<description>Just another WordPress site</description>
	<pubDate>Thu, 09 Aug 2018 07:08:49 +0000</pubDate>
	<language>en-US</language>
	<wp:wxr_version>1.2</wp:wxr_version>
	<wp:base_site_url>http://demo.roadthemes.com/devita/underwear</wp:base_site_url>
	<wp:base_blog_url>http://demo.roadthemes.com/devita/underwear</wp:base_blog_url>

	<wp:author><wp:author_id>1</wp:author_id><wp:author_login><![CDATA[admin]]></wp:author_login><wp:author_email><![CDATA[demo@roadthemes.com]]></wp:author_email><wp:author_display_name><![CDATA[admin]]></wp:author_display_name><wp:author_first_name><![CDATA[]]></wp:author_first_name><wp:author_last_name><![CDATA[]]></wp:author_last_name></wp:author>


	<generator>https://wordpress.org/?v=4.9.8</generator>

	<item>
		<title>Underwear Home 1</title>
		<link>http://demo.roadthemes.com/devita/underwear/</link>
		<pubDate>Wed, 08 Aug 2018 01:53:35 +0000</pubDate>
		<dc:creator><![CDATA[admin]]></dc:creator>
		<guid isPermaLink="false">http://demo.roadthemes.com/devita/underwear/?page_id=9703</guid>
		<description></description>
		<content:encoded><![CDATA[<p>[vc_row el_class="our-service" css=".vc_custom_1533698613599{margin-bottom: 0px !important;}"][vc_column][vc_row_inner el_class="our-service-inner" css=".vc_custom_1533696946476{padding-top: 20px !important;padding-bottom: 20px !important;}"][vc_column_inner el_class="box" width="1/3"][vc_column_text el_class="box-inner"]</p>
<p style="line-height: 20px;">SALE UP TO <span style="color: #ee3875;">60% OFF</span> ON ALL JEANS ONLY THIS WEEK</p>
<p>[/vc_column_text][/vc_column_inner][vc_column_inner el_class="box" width="1/3"][vc_column_text el_class="box-inner"]</p>
<p style="line-height: 20px;">FREE <span style="color: #ee3875;">30 DAY</span> MONEY BACK GUARANTEE</p>
<p>[/vc_column_text][/vc_column_inner][vc_column_inner el_class="box" width="1/3"][vc_column_text el_class="box-inner"]</p>
<p style="line-height: 20px;">SALE UP TO <span style="color: #ee3875;">20% OFF</span> ON SMARTPHONES</p>
<p>[/vc_column_text][/vc_column_inner][/vc_row_inner][/vc_column][/vc_row][vc_row css=".vc_custom_1533698624505{margin-bottom: 30px !important;}"][vc_column][rev_slider_vc alias="home_slider_1" el_class="home-slider"][/vc_column][/vc_row][vc_row el_class="home-static-6"][vc_column width="1/4" el_class="box"][vc_column_text el_class="box-inner" css=".vc_custom_1533698810056{margin-right: -30px !important;}"]</p>
<div class="image"><img class="alignnone size-full wp-image-9692" src="http://demo.roadthemes.com/devita/underwear/wp-content/uploads/2018/08/underwear_img1.jpg" alt="" width="300" height="300" /></div>
<div class="content">
<h4 style="color: #fff; font-weight: 300; font-size: 18px; text-transform: uppercase;">PUMP! Red Ribbed</h4>
<h5 style="color: #fff; font-weight: 500; font-size: 24px; text-transform: uppercase;">Men's Sport Brief</h5>
</div>
<p>[/vc_column_text][/vc_column][vc_column width="1/2" el_class="box"][vc_column_text el_class="box-inner" css=".vc_custom_1533700166494{margin-right: 20px !important;margin-left: 20px !important;}"]</p>
<div class="image"><img class="alignnone size-full wp-image-9693" src="http://demo.roadthemes.com/devita/underwear/wp-content/uploads/2018/08/underwear_img2.jpg" alt="" width="530" height="300" /></div>
<div class="content">
<h4 style="color: #fff; font-weight: 300; font-size: 18px; text-transform: uppercase;">underwear</h4>
<h5 style="color: #fff; font-weight: 500; font-size: 24px; text-transform: uppercase;">Big Sale collection 2019</h5>
</div>
<p>[/vc_column_text][/vc_column][vc_column width="1/4" el_class="box"][vc_column_text el_class="box-inner" css=".vc_custom_1533698821066{margin-left: -30px !important;}"]</p>
<div class="image"><img class="alignnone size-full wp-image-9694" src="http://demo.roadthemes.com/devita/underwear/wp-content/uploads/2018/08/underwear_img3.jpg" alt="" width="300" height="300" /></div>
<div class="content">
<h4 style="color: #fff; font-weight: 300; font-size: 18px; text-transform: uppercase;">PUMP! Red Ribbed</h4>
<h5 style="color: #fff; font-weight: 500; font-size: 24px; text-transform: uppercase;">Men's Sport Brief</h5>
</div>
<p>[/vc_column_text][/vc_column][/vc_row][vc_row css=".vc_custom_1533716049109{margin-bottom: 40px !important;}" el_class="owl-nav-2"][vc_column][vc_tta_tabs color="white" spacing="" active_section="1" no_fill_content_area="true" el_class="home-tabs layout4"][vc_tta_section title="New Arrivals" tab_id="1532678732641-8f815459-cdec"][recent_products_r per_page="6" columns="1" orderby="" order="" enable_slider="true" items="5" item_desktop="4" item_small="3" item_tablet="2" item_mobile="1" navigation="1" pagination="" speed="500" effect=""][/vc_tta_section][vc_tta_section title="Featured" tab_id="1532678732670-3a358ebb-6751"][featured_products_r per_page="6" columns="1" orderby="" order="" enable_slider="true" items="5" item_desktop="4" item_small="3" item_tablet="2" item_mobile="1" navigation="1" pagination="" speed="500" effect=""][/vc_tta_section][vc_tta_section title="Bestselling" tab_id="1532678837630-a0253882-9b7c"][bestselling_products_r per_page="6" columns="1" enable_slider="true" items="5" item_desktop="4" item_small="3" item_tablet="2" item_mobile="1" navigation="1" pagination="" speed="500" effect=""][/vc_tta_section][/vc_tta_tabs][/vc_column][/vc_row][vc_row el_class="home-static-6"][vc_column width="1/3" el_class="box"][vc_column_text el_class="box-inner"]</p>
<div class="image"><img class="alignnone size-full wp-image-9695" src="http://demo.roadthemes.com/devita/underwear/wp-content/uploads/2018/08/underwear_img4.jpg" alt="" width="370" height="490" /></div>
<div class="content">
<h4 style="color: #fff; font-weight: 300; font-size: 18px; text-transform: uppercase;">PUMP! Red Ribbed</h4>
<h5 style="color: #fff; font-weight: 500; font-size: 24px; text-transform: uppercase;">Men's Sport Brief</h5>
<p style="color: #fff; font-size: 18px;">Big Sale up to 20% Off</p>
<p><a class="shopnow button" href="#">shopping Now</a></div>
<p>[/vc_column_text][/vc_column][vc_column width="2/3" el_class="box"][vc_column_text el_class="box-inner"]</p>
<div class="image"><img class="alignnone size-full wp-image-9696" src="http://demo.roadthemes.com/devita/underwear/wp-content/uploads/2018/08/underwear_img5.jpg" alt="" width="770" height="490" /></div>
<div class="content">
<h4 style="color: #fff; font-weight: 300; font-size: 18px; text-transform: uppercase;">new Arrivals 2019</h4>
<h5 style="color: #fff; font-weight: 500; font-size: 24px; text-transform: uppercase;">new sexy bikini For Women’s</h5>
<p style="color: #fff; font-size: 18px;">Available at femme fatale beauty &amp; Skin Care</p>
<p><a class="shopnow button" href="#">shopping Now</a></div>
<p>[/vc_column_text][/vc_column][/vc_row][vc_row el_class="owl-nav-2"][vc_column][vc_column_text el_class="title1"]</p>
<h3>Trending Products</h3>
<p>[/vc_column_text][featured_products_r per_page="6" columns="1" orderby="" order="" enable_slider="true" items="5" item_desktop="4" item_small="3" item_tablet="2" item_mobile="1" navigation="1" pagination="" speed="500" effect=""][/vc_column][/vc_row][vc_row el_class="home-static-1"][vc_column width="1/2" el_class="box"][vc_single_image image="9725" img_size="full" onclick="custom_link" link="http://demo.roadthemes.com/devita/underwear/shop/" el_class="box-inner"][/vc_column][vc_column width="1/2" el_class="box"][vc_single_image image="9725" img_size="full" onclick="custom_link" link="http://demo.roadthemes.com/devita/underwear/shop/" el_class="box-inner"][/vc_column][/vc_row][vc_row el_class="owl-nav-2"][vc_column][vc_column_text el_class="title1"]</p>
<h3>Best Selling Products</h3>
<p>[/vc_column_text][vc_column_text el_class="category-links"]</p>
<ul>
<li><a href="#">Dental Equipment</a></li>
<li><a href="#">Hospital Bed</a></li>
<li><a href="#">Instruments</a></li>
</ul>
<p>[/vc_column_text][bestselling_products_r per_page="6" columns="1" enable_slider="true" items="5" item_desktop="4" item_small="3" item_tablet="2" item_mobile="1" navigation="1" pagination="" speed="500" effect=""][/vc_column][/vc_row][vc_row el_class="latest-posts style3 owl-nav-2"][vc_column][vc_column_text el_class="title1"]</p>
<h3>From Our Blog</h3>
<p>[/vc_column_text][latestposts colsnumber="1" enable_slider="true" items="3" item_desktop="3" item_small="2" item_tablet="2" item_mobile="1" navigation="1" pagination="" speed="500" effect=""][/vc_column][/vc_row]</p>
]]></content:encoded>
		<excerpt:encoded><![CDATA[]]></excerpt:encoded>
		<wp:post_id>9703</wp:post_id>
		<wp:post_date><![CDATA[2018-08-08 01:53:35]]></wp:post_date>
		<wp:post_date_gmt><![CDATA[2018-08-08 01:53:35]]></wp:post_date_gmt>
		<wp:comment_status><![CDATA[closed]]></wp:comment_status>
		<wp:ping_status><![CDATA[closed]]></wp:ping_status>
		<wp:post_name><![CDATA[underwear-home-1]]></wp:post_name>
		<wp:status><![CDATA[publish]]></wp:status>
		<wp:post_parent>0</wp:post_parent>
		<wp:menu_order>0</wp:menu_order>
		<wp:post_type><![CDATA[page]]></wp:post_type>
		<wp:post_password><![CDATA[]]></wp:post_password>
		<wp:is_sticky>0</wp:is_sticky>
		<wp:postmeta>
			<wp:meta_key><![CDATA[_vc_post_settings]]></wp:meta_key>
			<wp:meta_value><![CDATA[a:1:{s:10:"vc_grid_id";a:0:{}}]]></wp:meta_value>
		</wp:postmeta>
		<wp:postmeta>
			<wp:meta_key><![CDATA[_edit_last]]></wp:meta_key>
			<wp:meta_value><![CDATA[1]]></wp:meta_value>
		</wp:postmeta>
		<wp:postmeta>
			<wp:meta_key><![CDATA[_wp_page_template]]></wp:meta_key>
			<wp:meta_value><![CDATA[page-templates/front-page.php]]></wp:meta_value>
		</wp:postmeta>
		<wp:postmeta>
			<wp:meta_key><![CDATA[slide_template]]></wp:meta_key>
			<wp:meta_value><![CDATA[default]]></wp:meta_value>
		</wp:postmeta>
		<wp:postmeta>
			<wp:meta_key><![CDATA[_devita_post_intro]]></wp:meta_key>
			<wp:meta_value><![CDATA[]]></wp:meta_value>
		</wp:postmeta>
		<wp:postmeta>
			<wp:meta_key><![CDATA[_devita_custom_sidebar]]></wp:meta_key>
			<wp:meta_value><![CDATA[]]></wp:meta_value>
		</wp:postmeta>
		<wp:postmeta>
			<wp:meta_key><![CDATA[_devita_custom_sidebar_pos]]></wp:meta_key>
			<wp:meta_value><![CDATA[left]]></wp:meta_value>
		</wp:postmeta>
		<wp:postmeta>
			<wp:meta_key><![CDATA[_wpb_vc_js_status]]></wp:meta_key>
			<wp:meta_value><![CDATA[true]]></wp:meta_value>
		</wp:postmeta>
		<wp:postmeta>
			<wp:meta_key><![CDATA[_wpb_shortcodes_custom_css]]></wp:meta_key>
			<wp:meta_value><![CDATA[.vc_custom_1533698613599{margin-bottom: 0px !important;}.vc_custom_1533698624505{margin-bottom: 30px !important;}.vc_custom_1533716049109{margin-bottom: 40px !important;}.vc_custom_1533696946476{padding-top: 20px !important;padding-bottom: 20px !important;}.vc_custom_1533698810056{margin-right: -30px !important;}.vc_custom_1533700166494{margin-right: 20px !important;margin-left: 20px !important;}.vc_custom_1533698821066{margin-left: -30px !important;}]]></wp:meta_value>
		</wp:postmeta>
	</item>
	<item>
		<title>Header Underwear 1</title>
		<link>http://demo.roadthemes.com/devita/underwear/templatera/header-underwear/</link>
		<pubDate>Mon, 06 Aug 2018 09:10:15 +0000</pubDate>
		<dc:creator><![CDATA[admin]]></dc:creator>
		<guid isPermaLink="false">http://demo.roadthemes.com/devita/underwear/?post_type=templatera&#038;p=9685</guid>
		<description></description>
		<content:encoded><![CDATA[<p>[vc_row el_class="top-bar" css=".vc_custom_1533719335332{margin-top: 50px !important;}"][vc_column width="1/2" el_class="language-area"][vc_wp_custommenu title="Language:" nav_menu="48" el_class="language switcher"][vc_wp_custommenu title="Currency:" nav_menu="47" el_class="currency switcher"][/vc_column][vc_column width="1/2"][vc_wp_custommenu nav_menu="46" el_class="top-menu"][/vc_column][/vc_row][vc_row el_class="header-middle" css=".vc_custom_1533549487670{border-bottom-width: 0px !important;}"][vc_column width="1/3"][roadproductssearch][/vc_column][vc_column width="1/3"][vc_single_image image="9698" img_size="full" onclick="custom_link" el_class="logo" link="http://demo.roadthemes.com/devita/underwear/"][/vc_column][vc_column width="1/3"][roadminicart][/vc_column][/vc_row][vc_row el_class="header-bottom" css=".vc_custom_1533549442598{border-top-width: 3px !important;border-bottom-width: 3px !important;background-color: #ffffff !important;border-top-color: #ebebeb !important;border-top-style: solid !important;border-bottom-color: #ebebeb !important;border-bottom-style: solid !important;}"][vc_column][roadmainmenu][/vc_column][/vc_row]</p>
]]></content:encoded>
		<excerpt:encoded><![CDATA[]]></excerpt:encoded>
		<wp:post_id>9685</wp:post_id>
		<wp:post_date><![CDATA[2018-08-06 09:10:15]]></wp:post_date>
		<wp:post_date_gmt><![CDATA[2018-08-06 09:10:15]]></wp:post_date_gmt>
		<wp:comment_status><![CDATA[closed]]></wp:comment_status>
		<wp:ping_status><![CDATA[closed]]></wp:ping_status>
		<wp:post_name><![CDATA[header-underwear]]></wp:post_name>
		<wp:status><![CDATA[publish]]></wp:status>
		<wp:post_parent>0</wp:post_parent>
		<wp:menu_order>0</wp:menu_order>
		<wp:post_type><![CDATA[templatera]]></wp:post_type>
		<wp:post_password><![CDATA[]]></wp:post_password>
		<wp:is_sticky>0</wp:is_sticky>
		<wp:postmeta>
			<wp:meta_key><![CDATA[_vc_post_settings]]></wp:meta_key>
			<wp:meta_value><![CDATA[a:1:{s:10:"vc_grid_id";a:0:{}}]]></wp:meta_value>
		</wp:postmeta>
		<wp:postmeta>
			<wp:meta_key><![CDATA[_edit_last]]></wp:meta_key>
			<wp:meta_value><![CDATA[1]]></wp:meta_value>
		</wp:postmeta>
		<wp:postmeta>
			<wp:meta_key><![CDATA[slide_template]]></wp:meta_key>
			<wp:meta_value><![CDATA[default]]></wp:meta_value>
		</wp:postmeta>
		<wp:postmeta>
			<wp:meta_key><![CDATA[_wpb_vc_js_status]]></wp:meta_key>
			<wp:meta_value><![CDATA[true]]></wp:meta_value>
		</wp:postmeta>
		<wp:postmeta>
			<wp:meta_key><![CDATA[_wpb_shortcodes_custom_css]]></wp:meta_key>
			<wp:meta_value><![CDATA[.vc_custom_1533719335332{margin-top: 50px !important;}.vc_custom_1533549487670{border-bottom-width: 0px !important;}.vc_custom_1533549442598{border-top-width: 3px !important;border-bottom-width: 3px !important;background-color: #ffffff !important;border-top-color: #ebebeb !important;border-top-style: solid !important;border-bottom-color: #ebebeb !important;border-bottom-style: solid !important;}]]></wp:meta_value>
		</wp:postmeta>
	</item>
	<item>
		<title>Footer Underwear 1</title>
		<link>http://demo.roadthemes.com/devita/underwear/templatera/footer-underwear-1/</link>
		<pubDate>Mon, 06 Aug 2018 09:43:47 +0000</pubDate>
		<dc:creator><![CDATA[admin]]></dc:creator>
		<guid isPermaLink="false">http://demo.roadthemes.com/devita/underwear/?post_type=templatera&#038;p=9701</guid>
		<description></description>
		<content:encoded><![CDATA[<p>[vc_row el_class="brands-logo box-container-full" css=".vc_custom_1533717491146{margin-bottom: 0px !important;padding-top: 30px !important;padding-bottom: 30px !important;background-color: #ffffff !important;}"][vc_column][ourbrands enable_slider="true" items="5" item_desktop="4" item_small="3" item_tablet="2" item_mobile="1" navigation="" pagination="" speed="500" effect=""][/vc_column][/vc_row][vc_row el_class="footer-top" css=".vc_custom_1528275755204{margin-bottom: 0px !important;padding-top: 55px !important;padding-bottom: 20px !important;}"][vc_column width="1/3" el_class="f-col"][vc_column_text el_class="footer-title"]</p>
<h3>About Us</h3>
<p>[/vc_column_text][vc_column_text el_class="footer-content about-us"]We are a team of designers and developers that create high quality Magento, Prestashop, Opencart [...].</p>
<div class="address">Address: 123 Main Street, Anytown, CA 12345 - USA.<br />
Telephone Enquiry: (012) 800 456 789-987<br />
Email: Contact@plazathemes.com</div>
<div class="social-icons">
<ul>
<li class="facebook"><a title="facebook" href="#"><i class="icon-facebook"></i>face</a></li>
<li class="twitter"><a title="twitter" href="#"><i class="icon-twitter2"></i>twitter</a></li>
<li class="instagram"><a title="instagram" href="#"><i class="icon-instagram2"></i>instagram</a></li>
<li class="google"><a title="google" href="#"><i class="icon-google"></i>google</a></li>
<li class="rss"><a title="rss" href="#"><i class="icon-rss"></i>rss</a></li>
<li class="dribbble"><a title="dribbble" href="#"><i class="icon-dribbble"></i>dribbble</a></li>
</ul>
</div>
<p>[/vc_column_text][/vc_column][vc_column width="1/6" el_class="f-col"][vc_column_text el_class="footer-title"]</p>
<h3>Information</h3>
<p>[/vc_column_text][vc_wp_custommenu nav_menu="49" el_class="footer-content"][/vc_column][vc_column width="1/6" el_class="f-col"][vc_column_text el_class="footer-title"]</p>
<h3>My Account</h3>
<p>[/vc_column_text][vc_wp_custommenu nav_menu="50" el_class="footer-content"][/vc_column][vc_column width="1/3" el_class="f-col"][vc_column_text el_class="footer-title"]</p>
<h3>Join Our Newsletter Now</h3>
<p>[/vc_column_text][vc_column_text el_class="footer-content newsletter"]Get E-mail updates about our latest shop and special offers.<br />
[mc4wp_form id="9116"][/vc_column_text][/vc_column][/vc_row][vc_row el_class="footer-bottom box-container-full" css=".vc_custom_1533719446571{border-top-width: 1px !important;border-top-color: #27292b !important;border-top-style: solid !important;}"][vc_column width="1/2"][vc_column_text el_class="copy-right"]</p>
<p style="text-align: left;">Copyright © 2018 PlazaThemes. All Right Reserved.</p>
<p>[/vc_column_text][/vc_column][vc_column width="1/2"][vc_single_image image="9306" img_size="full" alignment="right" el_class="payment" css=".vc_custom_1529026892872{margin-top: 0px !important;}"][/vc_column][/vc_row]</p>
]]></content:encoded>
		<excerpt:encoded><![CDATA[]]></excerpt:encoded>
		<wp:post_id>9701</wp:post_id>
		<wp:post_date><![CDATA[2018-08-06 09:43:47]]></wp:post_date>
		<wp:post_date_gmt><![CDATA[2018-08-06 09:43:47]]></wp:post_date_gmt>
		<wp:comment_status><![CDATA[closed]]></wp:comment_status>
		<wp:ping_status><![CDATA[closed]]></wp:ping_status>
		<wp:post_name><![CDATA[footer-underwear-1]]></wp:post_name>
		<wp:status><![CDATA[publish]]></wp:status>
		<wp:post_parent>0</wp:post_parent>
		<wp:menu_order>0</wp:menu_order>
		<wp:post_type><![CDATA[templatera]]></wp:post_type>
		<wp:post_password><![CDATA[]]></wp:post_password>
		<wp:is_sticky>0</wp:is_sticky>
		<wp:postmeta>
			<wp:meta_key><![CDATA[_vc_post_settings]]></wp:meta_key>
			<wp:meta_value><![CDATA[a:1:{s:10:"vc_grid_id";a:0:{}}]]></wp:meta_value>
		</wp:postmeta>
		<wp:postmeta>
			<wp:meta_key><![CDATA[_edit_last]]></wp:meta_key>
			<wp:meta_value><![CDATA[1]]></wp:meta_value>
		</wp:postmeta>
		<wp:postmeta>
			<wp:meta_key><![CDATA[slide_template]]></wp:meta_key>
			<wp:meta_value><![CDATA[default]]></wp:meta_value>
		</wp:postmeta>
		<wp:postmeta>
			<wp:meta_key><![CDATA[_wpb_vc_js_status]]></wp:meta_key>
			<wp:meta_value><![CDATA[true]]></wp:meta_value>
		</wp:postmeta>
		<wp:postmeta>
			<wp:meta_key><![CDATA[_wpb_shortcodes_custom_css]]></wp:meta_key>
			<wp:meta_value><![CDATA[.vc_custom_1533717491146{margin-bottom: 0px !important;padding-top: 30px !important;padding-bottom: 30px !important;background-color: #ffffff !important;}.vc_custom_1528275755204{margin-bottom: 0px !important;padding-top: 55px !important;padding-bottom: 20px !important;}.vc_custom_1533719446571{border-top-width: 1px !important;border-top-color: #27292b !important;border-top-style: solid !important;}.vc_custom_1529026892872{margin-top: 0px !important;}]]></wp:meta_value>
		</wp:postmeta>
	</item>
</channel>
</rss>
